pathway_id	pathway_name	source_org_count	source_orgs
ko00010	Glycolysis / Gluconeogenesis - Fannyhessea vaginae	63	aae,aba,ade,afr,apr,apv,bba,bbu,bbz,bsr,bsu,bth,cac,cae,ccz,cex,cpo,ctd,cte,ctr,ddf,det,din,dra,dth,ecj,eco,emi,fma,fml,fnu,fsu,fvg,gau,gsk,gsu,heo,hin,hit,hpy,ial,mbf,mmy,nli,nme,nmp,ote,rba,rmr,rpo,rpr,sox,syn,syz,tai,tma,tnr,tro,ttk,tye,vab,vai,vbl
ko00020	Citrate cycle (TCA cycle) - Haemophilus influenzae Rd KW20 (serotype d)	58	aae,aba,ade,afr,apr,bba,bsr,bsu,bth,cac,cae,ccz,cex,cpo,ctd,cte,ctr,ddf,det,din,dra,dth,ecj,eco,emi,fma,fml,fnu,fsu,gau,gsk,gsu,heo,hin,hit,hpy,ial,mbf,mmy,nli,nme,nmp,ote,rba,rmr,rpo,rpr,syn,syz,tai,tma,tnr,tro,ttk,tye,vab,vai,vbl
ko00030	Pentose phosphate pathway - Fannyhessea vaginae	61	aae,aba,ade,afr,apr,apv,bba,bbu,bbz,bsr,bsu,bth,cac,cae,ccz,cex,cpo,ctd,cte,ctr,ddf,det,din,dra,dth,ecj,eco,emi,fma,fml,fnu,fsu,fvg,gau,gsk,gsu,heo,hin,hit,hpy,ial,mbf,mmy,nli,nme,nmp,ote,rba,rmr,sox,syn,syz,tai,tma,tnr,tro,ttk,tye,vab,vai,vbl
ko00040	Pentose and glucuronate interconversions - Fannyhessea vaginae	55	aae,aba,ade,afr,apr,apv,bba,bsr,bsu,bth,cac,cae,ccz,cex,cpo,cte,ddf,det,din,dth,ecj,eco,fma,fml,fnu,fsu,fvg,gau,gsk,gsu,heo,hin,hit,hpy,ial,mbf,mmy,nli,nme,nmp,ote,rba,rmr,sox,syn,syz,tai,tma,tnr,tro,ttk,tye,vab,vai,vbl
ko00051	Fructose and mannose metabolism - Fannyhessea vaginae	63	aae,aba,ade,afr,apr,apv,bba,bbu,bbz,bsr,bsu,bth,cac,cae,ccz,cex,cpo,ctd,cte,ctr,ddf,det,din,dra,dth,ecj,eco,emi,fma,fml,fnu,fsu,fvg,gau,gsk,gsu,heo,hin,hit,hpy,ial,mbf,mmy,nli,nme,nmp,ote,rba,rmr,rpo,rpr,sox,syn,syz,tai,tma,tnr,tro,ttk,tye,vab,vai,vbl
ko00052	Galactose metabolism - Fannyhessea vaginae	58	aae,aba,ade,afr,apr,apv,bba,bbz,bsr,bsu,bth,cac,cae,ccz,cex,cpo,cte,ddf,det,din,dra,dth,ecj,eco,emi,fma,fml,fnu,fsu,fvg,gau,gsk,gsu,heo,hin,hit,hpy,ial,mbf,mmy,nli,nme,nmp,ote,rba,rmr,sox,syn,syz,tai,tma,tnr,tro,ttk,tye,vab,vai,vbl
ko00053	Ascorbate and aldarate metabolism - Fannyhessea vaginae	38	aae,aba,ade,afr,apr,apv,bsr,bsu,bth,ccz,cpo,cte,ddf,din,dra,dth,ecj,eco,fma,fml,fsu,fvg,gau,gsk,gsu,hin,nli,ote,rba,rmr,syn,syz,tma,tro,ttk,tye,vab,vbl
ko00061	Fatty acid biosynthesis - Haemophilus influenzae Rd KW20 (serotype d)	59	aae,aba,ade,afr,apr,bba,bbu,bbz,bsr,bsu,bth,cac,cae,ccz,cex,cpo,ctd,cte,ctr,ddf,det,din,dra,dth,ecj,eco,emi,fma,fml,fnu,fsu,gau,gsk,gsu,heo,hin,hit,hpy,ial,mbf,nli,nme,nmp,ote,rba,rmr,rpo,rpr,syn,syz,tai,tma,tnr,tro,ttk,tye,vab,vai,vbl
ko00071	Fatty acid degradation - Fannyhessea vaginae	51	aae,aba,ade,afr,apr,bba,bbu,bbz,bsr,bsu,cac,cae,ccz,cex,cpo,cte,ddf,din,dra,ecj,eco,emi,fml,fnu,fsu,fvg,gau,gsk,gsu,heo,hin,hit,hpy,ial,mbf,nli,nme,nmp,ote,rba,rmr,rpo,rpr,syn,syz,tma,tnr,tro,ttk,vab,vbl
ko00074	Mycolic acid biosynthesis - Bacillus subtilis subsp. subtilis 168	43	aae,aba,ade,afr,bsr,bsu,cac,cae,cex,cpo,ctd,cte,ctr,ddf,det,din,dra,dth,ecj,eco,fml,fnu,gau,gsk,gsu,heo,hpy,ial,mbf,nli,nme,nmp,ote,rba,rpo,rpr,tai,tma,tnr,tro,tye,vab,vai
ko00100	Steroid biosynthesis - Synechocystis sp. PCC 6803	7	emi,fsu,gau,nli,syn,syz,vab
ko00121	Secondary bile acid biosynthesis - Escherichia coli K-12 MG1655	4	ecj,eco,heo,hpy
ko00130	Ubiquinone and other terpenoid-quinone biosynthesis - Haemophilus influenzae Rd KW20 (serotype d)	51	aae,aba,ade,afr,bba,bsr,bsu,bth,cac,cae,ccz,ctd,cte,ctr,ddf,det,din,dra,dth,ecj,eco,fml,fnu,fsu,gau,gsk,gsu,heo,hin,hit,hpy,ial,mbf,nli,nme,nmp,ote,rba,rmr,rpo,rpr,syn,syz,tma,tnr,tro,ttk,tye,vab,vai,vbl
ko00190	Oxidative phosphorylation - Fannyhessea vaginae	63	aae,aba,ade,afr,apr,apv,bba,bbu,bbz,bsr,bsu,bth,cac,cae,ccz,cex,cpo,ctd,cte,ctr,ddf,det,din,dra,dth,ecj,eco,emi,fma,fml,fnu,fsu,fvg,gau,gsk,gsu,heo,hin,hit,hpy,ial,mbf,mmy,nli,nme,nmp,ote,rba,rmr,rpo,rpr,sox,syn,syz,tai,tma,tnr,tro,ttk,tye,vab,vai,vbl
ko00195	Photosynthesis - Synechocystis sp. PCC 6803	2	syn,syz
ko00196	Photosynthesis - antenna proteins - Synechocystis sp. PCC 6803	2	syn,syz
ko00220	Arginine biosynthesis - Fannyhessea vaginae	59	aae,aba,ade,afr,apr,apv,bba,bbu,bbz,bsr,bsu,bth,cac,cae,ccz,cex,cpo,cte,ddf,det,din,dra,dth,ecj,eco,emi,fma,fml,fnu,fsu,fvg,gau,gsk,gsu,heo,hin,hit,hpy,ial,nli,nme,nmp,ote,rba,rmr,rpo,rpr,sox,syn,syz,tai,tma,tnr,tro,ttk,tye,vab,vai,vbl
ko00230	Purine metabolism - Fannyhessea vaginae	63	aae,aba,ade,afr,apr,apv,bba,bbu,bbz,bsr,bsu,bth,cac,cae,ccz,cex,cpo,ctd,cte,ctr,ddf,det,din,dra,dth,ecj,eco,emi,fma,fml,fnu,fsu,fvg,gau,gsk,gsu,heo,hin,hit,hpy,ial,mbf,mmy,nli,nme,nmp,ote,rba,rmr,rpo,rpr,sox,syn,syz,tai,tma,tnr,tro,ttk,tye,vab,vai,vbl
ko00240	Pyrimidine metabolism - Fannyhessea vaginae	63	aae,aba,ade,afr,apr,apv,bba,bbu,bbz,bsr,bsu,bth,cac,cae,ccz,cex,cpo,ctd,cte,ctr,ddf,det,din,dra,dth,ecj,eco,emi,fma,fml,fnu,fsu,fvg,gau,gsk,gsu,heo,hin,hit,hpy,ial,mbf,mmy,nli,nme,nmp,ote,rba,rmr,rpo,rpr,sox,syn,syz,tai,tma,tnr,tro,ttk,tye,vab,vai,vbl
ko00250	Alanine, aspartate and glutamate metabolism - Fannyhessea vaginae	60	aae,aba,ade,afr,apr,apv,bba,bsr,bsu,bth,cac,cae,ccz,cex,cpo,ctd,cte,ctr,ddf,det,din,dra,dth,ecj,eco,emi,fma,fml,fnu,fsu,fvg,gau,gsk,gsu,heo,hin,hit,hpy,ial,mbf,mmy,nli,nme,nmp,ote,rba,rmr,rpo,rpr,syn,syz,tai,tma,tnr,tro,ttk,tye,vab,vai,vbl
ko00260	Glycine, serine and threonine metabolism - Fannyhessea vaginae	63	aae,aba,ade,afr,apr,apv,bba,bbu,bbz,bsr,bsu,bth,cac,cae,ccz,cex,cpo,ctd,cte,ctr,ddf,det,din,dra,dth,ecj,eco,emi,fma,fml,fnu,fsu,fvg,gau,gsk,gsu,heo,hin,hit,hpy,ial,mbf,mmy,nli,nme,nmp,ote,rba,rmr,rpo,rpr,sox,syn,syz,tai,tma,tnr,tro,ttk,tye,vab,vai,vbl
ko00261	Monobactam biosynthesis - Lancefieldella parvula	55	aae,aba,ade,afr,apv,bba,bsr,bsu,bth,cac,cae,ccz,cex,cpo,ctd,cte,ctr,ddf,det,din,dra,dth,ecj,eco,emi,fma,fml,fsu,gau,gsk,gsu,heo,hin,hit,hpy,mbf,nli,nme,nmp,ote,rba,rmr,rpo,rpr,syn,syz,tai,tma,tnr,tro,ttk,tye,vab,vai,vbl
ko00270	Cysteine and methionine metabolism - Fannyhessea vaginae	63	aae,aba,ade,afr,apr,apv,bba,bbu,bbz,bsr,bsu,bth,cac,cae,ccz,cex,cpo,ctd,cte,ctr,ddf,det,din,dra,dth,ecj,eco,emi,fma,fml,fnu,fsu,fvg,gau,gsk,gsu,heo,hin,hit,hpy,ial,mbf,mmy,nli,nme,nmp,ote,rba,rmr,rpo,rpr,sox,syn,syz,tai,tma,tnr,tro,ttk,tye,vab,vai,vbl
ko00280	Valine, leucine and isoleucine degradation - Fannyhessea vaginae	62	aae,aba,ade,afr,apr,apv,bba,bbu,bbz,bsr,bsu,bth,cac,cae,ccz,cex,cpo,ctd,cte,ctr,ddf,det,din,dra,dth,ecj,eco,emi,fma,fml,fnu,fsu,fvg,gau,gsk,gsu,heo,hin,hit,hpy,ial,mbf,mmy,nli,nme,nmp,ote,rba,rmr,rpo,rpr,syn,syz,tai,tma,tnr,tro,ttk,tye,vab,vai,vbl
ko00290	Valine, leucine and isoleucine biosynthesis - Fannyhessea vaginae	55	aae,aba,ade,afr,apv,bba,bsr,bsu,bth,cac,cae,ccz,cex,cte,ctr,ddf,det,din,dra,dth,ecj,eco,emi,fma,fml,fsu,fvg,gau,gsk,gsu,heo,hin,hit,hpy,ial,mbf,nli,nme,nmp,ote,rba,rmr,rpo,rpr,syn,syz,tai,tma,tnr,tro,ttk,tye,vab,vai,vbl
ko00300	Lysine biosynthesis - Lancefieldella parvula	61	aae,aba,ade,afr,apr,apv,bba,bbu,bbz,bsr,bsu,bth,cac,cae,ccz,cex,cpo,ctd,cte,ctr,ddf,det,din,dra,dth,ecj,eco,emi,fma,fml,fnu,fsu,gau,gsk,gsu,heo,hin,hit,hpy,ial,mbf,nli,nme,nmp,ote,rba,rmr,rpo,rpr,sox,syn,syz,tai,tma,tnr,tro,ttk,tye,vab,vai,vbl
ko00310	Lysine degradation - Haemophilus influenzae Rd KW20 (serotype d)	49	aae,aba,ade,afr,apr,bba,bsr,bsu,bth,cac,cae,ccz,cex,cpo,ctd,cte,ctr,ddf,din,dra,ecj,eco,fma,fml,fnu,fsu,gau,gsk,gsu,hin,hit,ial,nli,nme,nmp,ote,rba,rmr,rpo,rpr,syn,syz,tnr,tro,ttk,tye,vab,vai,vbl
ko00311	Penicillin and cephalosporin biosynthesis - Bacillus subtilis subsp. subtilis 168	4	aba,bsr,bsu,ote
ko00330	Arginine and proline metabolism - Fannyhessea vaginae	58	aae,aba,ade,afr,apr,apv,bba,bsr,bsu,bth,cac,cae,ccz,cex,cpo,ctd,cte,ctr,ddf,det,din,dra,dth,ecj,eco,emi,fma,fml,fnu,fsu,fvg,gau,gsk,gsu,heo,hin,hit,hpy,ial,mbf,nli,nme,nmp,ote,rba,rmr,sox,syn,syz,tai,tma,tnr,tro,ttk,tye,vab,vai,vbl
ko00332	Carbapenem biosynthesis - Fannyhessea vaginae	40	aae,aba,ade,afr,bsr,bsu,bth,cac,cae,cte,ddf,det,din,dra,dth,ecj,eco,emi,fml,fsu,fvg,gau,gsk,gsu,hin,hit,mbf,nli,nme,nmp,ote,rba,syn,syz,tma,tnr,ttk,tye,vai,vbl
ko00340	Histidine metabolism - Haemophilus influenzae Rd KW20 (serotype d)	50	aae,aba,ade,afr,apr,bba,bsr,bsu,bth,cac,cae,ccz,cex,cpo,cte,ddf,det,din,dra,dth,ecj,eco,emi,fma,fml,fnu,fsu,gau,gsk,gsu,hin,hit,ial,nli,nme,nmp,ote,rba,rmr,syn,syz,tai,tma,tnr,tro,ttk,tye,vab,vai,vbl
ko00350	Tyrosine metabolism - Fannyhessea vaginae	47	aae,aba,ade,afr,apv,bba,bsr,bsu,bth,cac,cae,ccz,cte,ddf,din,dra,dth,ecj,eco,emi,fml,fnu,fsu,fvg,gau,gsk,gsu,hin,hit,ial,nli,nme,nmp,ote,rba,rmr,syn,syz,tai,tma,tnr,tro,ttk,tye,vab,vai,vbl
ko00360	Phenylalanine metabolism - Lancefieldella parvula	49	aae,aba,ade,afr,apv,bba,bsr,bsu,bth,cac,cae,ccz,cte,ddf,det,din,dra,ecj,eco,emi,fma,fml,fnu,fsu,gau,gsk,gsu,heo,hin,hit,hpy,ial,nli,nme,nmp,ote,rba,rmr,syn,syz,tai,tma,tnr,tro,ttk,tye,vab,vai,vbl
ko00361	Chlorocyclohexane and chlorobenzene degradation - Bacillus subtilis subsp. subtilis 168	15	aae,aba,afr,bsr,bsu,ccz,ecj,eco,gau,rba,syn,syz,tro,vab,vbl
ko00362	Benzoate degradation - Haemophilus influenzae Rd KW20 (serotype d)	40	aba,ade,apr,bba,bsr,bsu,bth,cac,cae,ccz,cpo,ddf,din,dra,dth,ecj,eco,fml,fnu,fsu,gau,heo,hin,hit,hpy,ial,mbf,nli,nme,nmp,ote,rba,rmr,rpo,rpr,tai,tro,ttk,vab,vbl
ko00364	Fluorobenzoate degradation - Escherichia coli K-12 MG1655	10	aae,aba,afr,ccz,ecj,eco,rba,syn,syz,vab
ko00380	Tryptophan metabolism - Fannyhessea vaginae	45	aba,ade,apr,bba,bsr,bsu,bth,ccz,cpo,cte,ddf,det,din,dra,dth,ecj,eco,fma,fnu,fsu,fvg,gau,gsk,gsu,heo,hin,hit,hpy,ial,nli,nme,nmp,ote,rba,rmr,rpo,rpr,syn,syz,tma,tnr,tro,ttk,vab,vai
ko00400	Phenylalanine, tyrosine and tryptophan biosynthesis - Fannyhessea vaginae	57	aae,aba,ade,afr,apv,bba,bsr,bsu,bth,cac,cae,ccz,cpo,ctd,cte,ctr,ddf,det,din,dra,dth,ecj,eco,emi,fma,fml,fnu,fsu,fvg,gau,gsk,gsu,heo,hin,hit,hpy,ial,mbf,nli,nme,nmp,ote,rba,rmr,rpo,rpr,syn,syz,tai,tma,tnr,tro,ttk,tye,vab,vai,vbl
ko00401	Novobiocin biosynthesis - Fannyhessea vaginae	48	aae,aba,ade,afr,bba,bsr,bsu,bth,cac,cae,ccz,cte,ddf,det,din,dra,dth,ecj,eco,emi,fml,fsu,fvg,gau,gsk,gsu,heo,hin,hit,hpy,ial,nli,nme,nmp,ote,rba,rmr,syn,syz,tai,tma,tnr,tro,ttk,tye,vab,vai,vbl
ko00405	Phenazine biosynthesis - Synechocystis sp. PCC 6803	5	aba,gau,nli,syn,syz
ko00410	beta-Alanine metabolism - Fannyhessea vaginae	50	aae,aba,ade,afr,apr,apv,bba,bsr,bsu,bth,cac,cae,ccz,cex,cpo,cte,ddf,det,din,dra,ecj,eco,fml,fnu,fsu,fvg,gau,gsk,gsu,heo,hpy,ial,mbf,nli,nme,nmp,ote,rba,rmr,syn,syz,tai,tma,tnr,tro,ttk,tye,vab,vai,vbl
ko00430	Taurine and hypotaurine metabolism - Fannyhessea vaginae	50	aba,ade,apr,apv,bba,bbz,bsr,bsu,bth,cac,cae,ccz,cpo,cte,ddf,din,dra,dth,ecj,eco,fma,fml,fnu,fsu,fvg,gau,gsk,gsu,heo,hin,hit,hpy,ial,mmy,nli,nme,nmp,ote,rba,rmr,rpo,rpr,syn,syz,tai,tma,tro,vab,vai,vbl
ko00440	Phosphonate and phosphinate metabolism - Bacteroides thetaiotaomicron VPI-5482	10	afr,apr,bth,ecj,eco,fsu,nli,ote,rba,tro
ko00450	Selenocompound metabolism - Fannyhessea vaginae	62	aae,aba,ade,afr,apr,apv,bba,bbz,bsr,bsu,bth,cac,cae,ccz,cex,cpo,ctd,cte,ctr,ddf,det,din,dra,dth,ecj,eco,emi,fma,fml,fnu,fsu,fvg,gau,gsk,gsu,heo,hin,hit,hpy,ial,mbf,mmy,nli,nme,nmp,ote,rba,rmr,rpo,rpr,sox,syn,syz,tai,tma,tnr,tro,ttk,tye,vab,vai,vbl
ko00460	Cyanoamino acid metabolism - Fannyhessea vaginae	49	aba,ade,apr,apv,bba,bsr,bsu,bth,cac,cae,ccz,cex,cpo,ddf,dra,dth,ecj,eco,emi,fma,fml,fnu,fsu,fvg,gau,heo,hin,hit,hpy,ial,mmy,nli,nme,nmp,ote,rba,rmr,rpo,rpr,syn,syz,tai,tma,tnr,tro,tye,vab,vai,vbl
ko00470	D-Amino acid metabolism - Fannyhessea vaginae	61	aae,aba,ade,afr,apr,apv,bba,bbu,bbz,bsr,bsu,bth,cac,cae,ccz,cex,cpo,ctd,cte,ctr,ddf,det,din,dra,dth,ecj,eco,emi,fma,fml,fnu,fsu,fvg,gau,gsk,gsu,heo,hin,hit,hpy,ial,mbf,nli,nme,nmp,ote,rba,rmr,rpo,rpr,syn,syz,tai,tma,tnr,tro,ttk,tye,vab,vai,vbl
ko00480	Glutathione metabolism - Fannyhessea vaginae	62	aae,aba,ade,afr,apr,apv,bba,bbu,bbz,bsr,bsu,bth,cac,cae,ccz,cex,cpo,ctd,cte,ctr,ddf,det,din,dra,dth,ecj,eco,fma,fml,fnu,fsu,fvg,gau,gsk,gsu,heo,hin,hit,hpy,ial,mbf,mmy,nli,nme,nmp,ote,rba,rmr,rpo,rpr,sox,syn,syz,tai,tma,tnr,tro,ttk,tye,vab,vai,vbl
ko00500	Starch and sucrose metabolism - Fannyhessea vaginae	63	aae,aba,ade,afr,apr,apv,bba,bbu,bbz,bsr,bsu,bth,cac,cae,ccz,cex,cpo,ctd,cte,ctr,ddf,det,din,dra,dth,ecj,eco,emi,fma,fml,fnu,fsu,fvg,gau,gsk,gsu,heo,hin,hit,hpy,ial,mbf,mmy,nli,nme,nmp,ote,rba,rmr,rpo,rpr,sox,syn,syz,tai,tma,tnr,tro,ttk,tye,vab,vai,vbl
ko00511	Other glycan degradation - Lancefieldella parvula	23	aba,apr,apv,bsr,bsu,bth,ccz,dth,ecj,eco,fml,fsu,gau,ial,mmy,ote,rba,rmr,syn,syz,tma,vab,vbl
ko00514	Other types of O-glycan biosynthesis - Synechocystis sp. PCC 6803	2	syn,syz
ko00515	Mannose type O-glycan biosynthesis - Synechocystis sp. PCC 6803	2	syn,syz
ko00520	Amino sugar and nucleotide sugar metabolism - Fannyhessea vaginae	63	aae,aba,ade,afr,apr,apv,bba,bbu,bbz,bsr,bsu,bth,cac,cae,ccz,cex,cpo,ctd,cte,ctr,ddf,det,din,dra,dth,ecj,eco,emi,fma,fml,fnu,fsu,fvg,gau,gsk,gsu,heo,hin,hit,hpy,ial,mbf,mmy,nli,nme,nmp,ote,rba,rmr,rpo,rpr,sox,syn,syz,tai,tma,tnr,tro,ttk,tye,vab,vai,vbl
ko00521	Streptomycin biosynthesis - Fannyhessea vaginae	60	aae,aba,ade,afr,apr,apv,bba,bbz,bsr,bsu,bth,cac,cae,ccz,cex,cpo,cte,ddf,det,din,dra,dth,ecj,eco,emi,fma,fml,fnu,fsu,fvg,gau,gsk,gsu,heo,hin,hit,hpy,ial,mbf,mmy,nli,nme,nmp,ote,rba,rmr,rpo,rpr,sox,syn,syz,tai,tma,tnr,tro,ttk,tye,vab,vai,vbl
ko00523	Polyketide sugar unit biosynthesis - Fannyhessea vaginae	41	aba,ade,afr,apv,bba,bsr,bsu,bth,cac,cae,ccz,cte,din,dra,dth,ecj,eco,emi,fml,fnu,fsu,fvg,gau,gsk,gsu,ial,mbf,nli,nme,nmp,ote,rmr,sox,syn,syz,tai,tnr,tro,ttk,vab,vai
ko00524	Neomycin, kanamycin and gentamicin biosynthesis - Bacteroides thetaiotaomicron VPI-5482	1	bth
ko00525	Acarbose and validamycin biosynthesis - Fannyhessea vaginae	39	ade,afr,apv,bba,bsr,bsu,bth,cac,cae,ccz,cte,din,dra,dth,ecj,eco,emi,fml,fsu,fvg,gau,gsk,gsu,ial,mbf,nli,nme,nmp,ote,rmr,sox,syn,syz,tai,tnr,tro,ttk,vab,vai
ko00540	Lipopolysaccharide biosynthesis - Haemophilus influenzae Rd KW20 (serotype d)	45	aae,aba,ade,afr,bba,bth,ccz,ctd,cte,ctr,ddf,din,dth,ecj,eco,emi,fml,fnu,fsu,gau,gsk,gsu,heo,hin,hit,hpy,ial,mbf,nli,nme,nmp,ote,rba,rpo,rpr,syn,syz,tai,tnr,tro,ttk,tye,vab,vai,vbl
ko00541	Biosynthesis of various nucleotide sugars - Fannyhessea vaginae	61	aae,aba,ade,afr,apr,apv,bba,bsr,bsu,bth,cac,cae,ccz,cex,cpo,ctd,cte,ctr,ddf,det,din,dra,dth,ecj,eco,emi,fma,fml,fnu,fsu,fvg,gau,gsk,gsu,heo,hin,hit,hpy,ial,mbf,mmy,nli,nme,nmp,ote,rba,rmr,rpo,rpr,sox,syn,syz,tai,tma,tnr,tro,ttk,tye,vab,vai,vbl
ko00542	O-Antigen repeat unit biosynthesis - Fannyhessea vaginae	23	bsr,bsu,cac,cae,ccz,cex,ecj,eco,fml,fvg,hin,hit,ial,mbf,nli,rba,syn,syz,tai,tma,tnr,vab,vbl
ko00543	Exopolysaccharide biosynthesis - Fannyhessea vaginae	48	aae,aba,ade,afr,apr,bba,bsr,bsu,bth,cac,cae,ccz,cex,cpo,cte,ddf,det,din,dth,ecj,eco,emi,fml,fsu,fvg,gau,gsk,gsu,heo,hin,hit,hpy,ial,mbf,nli,nme,nmp,ote,rba,syn,syz,tai,tma,tnr,ttk,vab,vai,vbl
ko00550	Peptidoglycan biosynthesis - Fannyhessea vaginae	62	aae,aba,ade,afr,apr,apv,bba,bbu,bbz,bsr,bsu,bth,cac,cae,ccz,cex,cpo,ctd,cte,ctr,ddf,det,din,dra,dth,ecj,eco,emi,fma,fml,fnu,fsu,fvg,gau,gsk,gsu,heo,hin,hit,hpy,ial,mbf,nli,nme,nmp,ote,rba,rmr,rpo,rpr,sox,syn,syz,tai,tma,tnr,tro,ttk,tye,vab,vai,vbl
ko00552	Teichoic acid biosynthesis - Fannyhessea vaginae	55	aae,aba,ade,afr,apr,apv,bba,bbu,bbz,bsr,bsu,bth,cac,cae,ccz,cex,cpo,cte,ddf,din,dra,dth,ecj,eco,emi,fma,fml,fnu,fsu,fvg,gau,gsk,gsu,hin,hit,ial,mbf,nli,nme,nmp,ote,rba,rmr,sox,syn,syz,tai,tma,tnr,tro,ttk,tye,vab,vai,vbl
ko00561	Glycerolipid metabolism - Fannyhessea vaginae	60	aae,aba,ade,afr,apr,apv,bba,bbu,bbz,bsr,bsu,bth,cac,cae,ccz,cex,cpo,ctd,cte,ctr,ddf,det,din,dra,dth,ecj,eco,emi,fma,fml,fnu,fsu,fvg,gau,gsk,gsu,heo,hin,hit,hpy,ial,mbf,mmy,nli,nme,nmp,ote,rba,rmr,syn,syz,tai,tma,tnr,tro,ttk,tye,vab,vai,vbl
ko00562	Inositol phosphate metabolism - Haemophilus influenzae Rd KW20 (serotype d)	48	aae,aba,ade,afr,apr,bba,bbu,bbz,bsr,bsu,bth,cac,cae,ccz,cex,cpo,cte,ddf,det,din,dra,dth,ecj,eco,fml,fsu,gau,gsk,gsu,hin,hit,ial,nli,nme,nmp,ote,rba,rmr,rpo,rpr,syn,syz,tma,tnr,tro,ttk,tye,vab
ko00564	Glycerophospholipid metabolism - Fannyhessea vaginae	62	aae,aba,ade,afr,apr,apv,bba,bbu,bbz,bsr,bsu,bth,cac,cae,ccz,cex,cpo,ctd,cte,ctr,ddf,det,din,dra,dth,ecj,eco,emi,fma,fml,fnu,fsu,fvg,gau,gsk,gsu,heo,hin,hit,hpy,ial,mbf,mmy,nli,nme,nmp,ote,rba,rmr,rpo,rpr,syn,syz,tai,tma,tnr,tro,ttk,tye,vab,vai,vbl
ko00565	Ether lipid metabolism - Neisseria meningitidis MC58 (serogroup B)	6	ecj,eco,heo,hpy,nme,nmp
ko00566	Sulfoquinovose metabolism - Escherichia coli K-12 MG1655	8	aae,ddf,ecj,eco,gsk,syn,syz,ttk
ko00572	Arabinogalactan biosynthesis - Mycobacterium - Fannyhessea vaginae	4	apv,fvg,ial,ote
ko00592	alpha-Linolenic acid metabolism - Bacillus subtilis subsp. subtilis 168	19	aba,ade,bba,bsr,bsu,ccz,ddf,din,dra,ecj,eco,gau,heo,hpy,nme,nmp,rmr,ttk,vab
ko00600	Sphingolipid metabolism - Bacillus subtilis subsp. subtilis 168	28	aba,apr,bsr,bsu,bth,ccz,cex,cte,ddf,dth,ecj,eco,emi,fml,fsu,gau,ial,nli,ote,rba,rmr,syn,syz,tma,ttk,tye,vai,vbl
ko00620	Pyruvate metabolism - Fannyhessea vaginae	63	aae,aba,ade,afr,apr,apv,bba,bbu,bbz,bsr,bsu,bth,cac,cae,ccz,cex,cpo,ctd,cte,ctr,ddf,det,din,dra,dth,ecj,eco,emi,fma,fml,fnu,fsu,fvg,gau,gsk,gsu,heo,hin,hit,hpy,ial,mbf,mmy,nli,nme,nmp,ote,rba,rmr,rpo,rpr,sox,syn,syz,tai,tma,tnr,tro,ttk,tye,vab,vai,vbl
ko00621	Dioxin degradation - Escherichia coli K-12 MG1655	3	ecj,eco,tro
ko00622	Xylene degradation - Bacillus subtilis subsp. subtilis 168	13	aba,bsr,bsu,dra,ecj,eco,gau,ial,nli,ote,rmr,tro,vab
ko00623	Toluene degradation - Escherichia coli K-12 MG1655	11	aae,aba,afr,ccz,ecj,eco,rba,syn,syz,tro,vab
ko00624	Polycyclic aromatic hydrocarbon degradation - Vulcanimicrobium alpinum	1	vab
ko00625	Chloroalkane and chloroalkene degradation - Fannyhessea vaginae	42	aba,ade,afr,apr,apv,bba,bsr,bsu,cac,cae,ccz,cex,cte,ddf,dra,dth,ecj,eco,emi,fma,fml,fnu,fsu,fvg,gau,gsk,gsu,hin,mbf,nme,nmp,ote,rba,rmr,syn,syz,tnr,tro,ttk,tye,vab,vbl
ko00626	Naphthalene degradation - Fannyhessea vaginae	34	aba,ade,afr,apv,bba,bsr,bsu,cac,cae,ccz,cex,cte,ddf,dth,ecj,eco,emi,fml,fvg,gau,gsk,gsu,hin,mbf,nme,nmp,rmr,syn,syz,tnr,tro,tye,vab,vbl
ko00627	Aminobenzoate degradation - Bacillus subtilis subsp. subtilis 168	30	aba,ade,afr,bsr,bsu,cac,cae,ddf,din,dra,ecj,eco,fml,gau,gsk,gsu,heo,hpy,ial,nli,rba,rmr,syn,syz,tma,tnr,tro,ttk,tye,vab
ko00630	Glyoxylate and dicarboxylate metabolism - Fannyhessea vaginae	62	aae,aba,ade,afr,apr,apv,bba,bbu,bbz,bsr,bsu,bth,cac,cae,ccz,cex,cpo,ctd,cte,ctr,ddf,det,din,dra,dth,ecj,eco,emi,fma,fml,fnu,fsu,fvg,gau,gsk,gsu,heo,hin,hit,hpy,ial,mbf,mmy,nli,nme,nmp,ote,rba,rmr,rpo,rpr,syn,syz,tai,tma,tnr,tro,ttk,tye,vab,vai,vbl
ko00633	Nitrotoluene degradation - Escherichia coli K-12 MG1655	20	aae,cac,cae,cpo,cte,ddf,det,din,dth,ecj,eco,gau,gsk,gsu,nli,rba,tma,tnr,ttk,tye
ko00640	Propanoate metabolism - Fannyhessea vaginae	62	aae,aba,ade,afr,apr,apv,bba,bbu,bbz,bsr,bsu,bth,cac,cae,ccz,cex,cpo,ctd,cte,ctr,ddf,det,din,dra,dth,ecj,eco,emi,fma,fml,fnu,fsu,fvg,gau,gsk,gsu,heo,hin,hit,hpy,ial,mbf,mmy,nli,nme,nmp,ote,rba,rmr,rpo,rpr,syn,syz,tai,tma,tnr,tro,ttk,tye,vab,vai,vbl
ko00643	Styrene degradation - Helicobacter pylori 26695	15	aba,ade,bba,dra,fnu,gau,heo,hpy,ial,rmr,syn,syz,tma,tro,vab
ko00650	Butanoate metabolism - Fannyhessea vaginae	59	aae,aba,ade,afr,apr,apv,bba,bbu,bbz,bsr,bsu,bth,cac,cae,ccz,cex,cpo,cte,ddf,det,din,dra,dth,ecj,eco,emi,fma,fml,fnu,fsu,fvg,gau,gsk,gsu,heo,hin,hit,hpy,ial,mbf,nli,nme,nmp,ote,rba,rmr,rpo,rpr,syn,syz,tai,tma,tnr,tro,ttk,tye,vab,vai,vbl
ko00660	C5-Branched dibasic acid metabolism - Haemophilus influenzae Rd KW20 (serotype d)	43	aae,aba,ade,afr,bsr,bsu,bth,cac,cae,ccz,cte,ddf,det,din,dra,dth,ecj,eco,emi,fml,fsu,gsk,gsu,hin,hit,mbf,nli,nme,nmp,ote,rba,rmr,syn,syz,tai,tma,tnr,tro,ttk,tye,vab,vai,vbl
ko00670	One carbon pool by folate - Fannyhessea vaginae	63	aae,aba,ade,afr,apr,apv,bba,bbu,bbz,bsr,bsu,bth,cac,cae,ccz,cex,cpo,ctd,cte,ctr,ddf,det,din,dra,dth,ecj,eco,emi,fma,fml,fnu,fsu,fvg,gau,gsk,gsu,heo,hin,hit,hpy,ial,mbf,mmy,nli,nme,nmp,ote,rba,rmr,rpo,rpr,sox,syn,syz,tai,tma,tnr,tro,ttk,tye,vab,vai,vbl
ko00680	Methane metabolism - Fannyhessea vaginae	63	aae,aba,ade,afr,apr,apv,bba,bbu,bbz,bsr,bsu,bth,cac,cae,ccz,cex,cpo,ctd,cte,ctr,ddf,det,din,dra,dth,ecj,eco,emi,fma,fml,fnu,fsu,fvg,gau,gsk,gsu,heo,hin,hit,hpy,ial,mbf,mmy,nli,nme,nmp,ote,rba,rmr,rpo,rpr,sox,syn,syz,tai,tma,tnr,tro,ttk,tye,vab,vai,vbl
ko00710	Carbon fixation by Calvin cycle - Fannyhessea vaginae	63	aae,aba,ade,afr,apr,apv,bba,bbu,bbz,bsr,bsu,bth,cac,cae,ccz,cex,cpo,ctd,cte,ctr,ddf,det,din,dra,dth,ecj,eco,emi,fma,fml,fnu,fsu,fvg,gau,gsk,gsu,heo,hin,hit,hpy,ial,mbf,mmy,nli,nme,nmp,ote,rba,rmr,rpo,rpr,sox,syn,syz,tai,tma,tnr,tro,ttk,tye,vab,vai,vbl
ko00720	Other carbon fixation pathways - Fannyhessea vaginae	63	aae,aba,ade,afr,apr,apv,bba,bbu,bbz,bsr,bsu,bth,cac,cae,ccz,cex,cpo,ctd,cte,ctr,ddf,det,din,dra,dth,ecj,eco,emi,fma,fml,fnu,fsu,fvg,gau,gsk,gsu,heo,hin,hit,hpy,ial,mbf,mmy,nli,nme,nmp,ote,rba,rmr,rpo,rpr,sox,syn,syz,tai,tma,tnr,tro,ttk,tye,vab,vai,vbl
ko00730	Thiamine metabolism - Fannyhessea vaginae	63	aae,aba,ade,afr,apr,apv,bba,bbu,bbz,bsr,bsu,bth,cac,cae,ccz,cex,cpo,ctd,cte,ctr,ddf,det,din,dra,dth,ecj,eco,emi,fma,fml,fnu,fsu,fvg,gau,gsk,gsu,heo,hin,hit,hpy,ial,mbf,mmy,nli,nme,nmp,ote,rba,rmr,rpo,rpr,sox,syn,syz,tai,tma,tnr,tro,ttk,tye,vab,vai,vbl
ko00740	Riboflavin metabolism - Fannyhessea vaginae	58	aae,aba,ade,afr,apr,apv,bba,bsr,bsu,bth,cac,cae,ccz,cex,cpo,ctd,cte,ctr,ddf,det,din,dra,dth,ecj,eco,emi,fma,fml,fnu,fsu,fvg,gau,gsk,gsu,heo,hin,hit,hpy,ial,mbf,mmy,nli,nme,nmp,ote,rba,rmr,syn,syz,tai,tma,tnr,tro,ttk,tye,vab,vai,vbl
ko00750	Vitamin B6 metabolism - Fannyhessea vaginae	56	aae,aba,ade,afr,apr,apv,bba,bbu,bbz,bsr,bsu,bth,cac,cae,ccz,cex,cte,ddf,det,din,dra,dth,ecj,eco,emi,fma,fml,fnu,fsu,fvg,gau,gsk,gsu,heo,hin,hit,hpy,ial,mbf,nli,nme,nmp,ote,rba,rmr,syn,syz,tai,tma,tnr,tro,ttk,tye,vab,vai,vbl
ko00760	Nicotinate and nicotinamide metabolism - Fannyhessea vaginae	62	aae,aba,ade,afr,apr,apv,bba,bbu,bbz,bsr,bsu,bth,cac,cae,ccz,cex,cpo,ctd,cte,ctr,ddf,det,din,dra,dth,ecj,eco,emi,fma,fml,fnu,fsu,fvg,gau,gsk,gsu,heo,hin,hit,hpy,ial,mbf,mmy,nli,nme,nmp,ote,rba,rmr,rpo,rpr,syn,syz,tai,tma,tnr,tro,ttk,tye,vab,vai,vbl
ko00770	Pantothenate and CoA biosynthesis - Fannyhessea vaginae	62	aae,aba,ade,afr,apr,apv,bba,bbu,bbz,bsr,bsu,bth,cac,cae,ccz,cex,cpo,ctd,cte,ctr,ddf,det,din,dra,dth,ecj,eco,emi,fma,fml,fnu,fsu,fvg,gau,gsk,gsu,heo,hin,hit,hpy,ial,mbf,mmy,nli,nme,nmp,ote,rba,rmr,rpo,rpr,syn,syz,tai,tma,tnr,tro,ttk,tye,vab,vai,vbl
ko00780	Biotin metabolism - Haemophilus influenzae Rd KW20 (serotype d)	57	aae,aba,ade,afr,apr,bba,bsr,bsu,bth,cac,cae,ccz,cex,cpo,ctd,cte,ctr,ddf,det,din,dra,dth,ecj,eco,emi,fma,fml,fnu,fsu,gau,gsk,gsu,heo,hin,hit,hpy,ial,mbf,nli,nme,nmp,ote,rba,rmr,rpo,rpr,syn,syz,tai,tma,tnr,tro,ttk,tye,vab,vai,vbl
ko00785	Lipoic acid metabolism - Haemophilus influenzae Rd KW20 (serotype d)	48	aae,aba,ade,afr,bba,bsr,bsu,bth,ccz,cex,cpo,ctd,cte,ctr,ddf,din,dra,dth,ecj,eco,emi,fma,fml,gau,gsk,gsu,hin,hit,ial,mbf,mmy,nli,nme,nmp,ote,rba,rmr,rpo,rpr,syn,syz,tma,tnr,tro,tye,vab,vai,vbl
ko00790	Folate biosynthesis - Fannyhessea vaginae	61	aae,aba,ade,afr,apr,apv,bba,bsr,bsu,bth,cac,cae,ccz,cex,cpo,ctd,cte,ctr,ddf,det,din,dra,dth,ecj,eco,emi,fma,fml,fnu,fsu,fvg,gau,gsk,gsu,heo,hin,hit,hpy,ial,mbf,mmy,nli,nme,nmp,ote,rba,rmr,rpo,rpr,sox,syn,syz,tai,tma,tnr,tro,ttk,tye,vab,vai,vbl
ko00791	Atrazine degradation - Acidithiobacillus ferrooxidans ATCC 23270	2	afr,tro
ko00860	Porphyrin metabolism - Lancefieldella parvula	54	aae,aba,ade,afr,apv,bba,bsr,bsu,bth,cac,cae,ccz,cpo,ctd,cte,ctr,ddf,det,din,dra,dth,ecj,eco,emi,fml,fnu,fsu,gau,gsk,gsu,heo,hin,hit,hpy,ial,nli,nme,nmp,ote,rba,rmr,rpo,rpr,syn,syz,tai,tma,tnr,tro,ttk,tye,vab,vai,vbl
ko00900	Terpenoid backbone biosynthesis - Fannyhessea vaginae	61	aae,aba,ade,afr,apr,apv,bba,bbu,bbz,bsr,bsu,bth,cac,cae,ccz,cex,cpo,ctd,cte,ctr,ddf,det,din,dra,dth,ecj,eco,emi,fma,fml,fnu,fsu,fvg,gau,gsk,gsu,heo,hin,hit,hpy,ial,mbf,nli,nme,nmp,ote,rba,rmr,rpo,rpr,syn,syz,tai,tma,tnr,tro,ttk,tye,vab,vai,vbl
ko00906	Carotenoid biosynthesis - Bacillus subtilis subsp. subtilis 168	21	aba,afr,bba,bsr,bsu,ccz,cte,dra,emi,fml,gau,ial,nme,nmp,ote,rba,rmr,syn,syz,tro,vab
ko00907	Pinene, camphor and geraniol degradation - Bacillus subtilis subsp. subtilis 168	20	aba,ade,bba,bsr,bsu,ccz,ddf,din,dra,ecj,eco,gau,rba,rmr,rpo,rpr,syn,syz,ttk,vab
ko00909	Sesquiterpenoid and triterpenoid biosynthesis - Synechocystis sp. PCC 6803	13	aba,afr,ccz,emi,fsu,gau,gsk,gsu,nli,rba,syn,syz,vab
ko00910	Nitrogen metabolism - Fannyhessea vaginae	57	aae,aba,ade,afr,apr,apv,bba,bsr,bsu,bth,cac,cae,ccz,cex,cpo,cte,ddf,det,din,dra,dth,ecj,eco,emi,fma,fml,fnu,fsu,fvg,gau,gsk,gsu,heo,hin,hit,hpy,ial,mbf,nli,nme,nmp,ote,rba,rmr,rpo,rpr,syn,syz,tai,tma,tnr,tro,ttk,tye,vab,vai,vbl
ko00920	Sulfur metabolism - Fannyhessea vaginae	58	aae,aba,ade,afr,apr,apv,bba,bbu,bbz,bsr,bsu,bth,cac,cae,ccz,cex,cpo,ctd,cte,ctr,ddf,det,din,dra,dth,ecj,eco,emi,fml,fnu,fsu,fvg,gau,gsk,gsu,heo,hin,hit,hpy,ial,mbf,nli,nme,nmp,ote,rba,rmr,syn,syz,tai,tma,tnr,tro,ttk,tye,vab,vai,vbl
ko00930	Caprolactam degradation - Rickettsia prowazekii Madrid E	10	ade,bba,dra,ecj,eco,gau,rba,rmr,rpo,rpr
ko00946	Degradation of flavonoids - Rickettsia prowazekii Madrid E	25	aba,apr,bth,cac,cae,ccz,dth,ecj,eco,emi,fsu,gau,ial,ote,rba,rmr,rpo,rpr,syn,syz,tma,tro,tye,vai,vbl
ko00970	Aminoacyl-tRNA biosynthesis - Fannyhessea vaginae	63	aae,aba,ade,afr,apr,apv,bba,bbu,bbz,bsr,bsu,bth,cac,cae,ccz,cex,cpo,ctd,cte,ctr,ddf,det,din,dra,dth,ecj,eco,emi,fma,fml,fnu,fsu,fvg,gau,gsk,gsu,heo,hin,hit,hpy,ial,mbf,mmy,nli,nme,nmp,ote,rba,rmr,rpo,rpr,sox,syn,syz,tai,tma,tnr,tro,ttk,tye,vab,vai,vbl
ko00975	Biosynthesis of various siderophores - Haemophilus influenzae Rd KW20 (serotype d)	4	bba,hin,hit,rba
ko00984	Steroid degradation - Bacillus subtilis subsp. subtilis 168	16	aba,ade,bba,bsr,bsu,ccz,ddf,din,dra,ecj,eco,gau,rmr,tro,ttk,vab
ko00997	Biosynthesis of various other secondary metabolites - Bdellovibrio bacteriovorus HD100	2	bba,tro
ko00998	Biosynthesis of various antibiotics - Bacillus subtilis subsp. subtilis 168	7	bsr,bsu,bth,fsu,nli,ote,rba
ko00999	Biosynthesis of various plant secondary metabolites - Haemophilus influenzae Rd KW20 (serotype d)	40	aae,aba,afr,apr,bba,bsr,bsu,bth,cac,cae,ccz,dra,dth,ecj,eco,emi,fsu,gau,gsk,gsu,heo,hin,hit,hpy,ial,nli,nme,nmp,ote,rba,rmr,rpo,syn,syz,tma,tro,tye,vab,vai,vbl
ko01040	Biosynthesis of unsaturated fatty acids - Haemophilus influenzae Rd KW20 (serotype d)	13	ade,bba,ecj,eco,gau,hin,hit,ial,ote,rba,rmr,rpo,rpr
ko01053	Biosynthesis of siderophore group nonribosomal peptides - Bacillus subtilis subsp. subtilis 168	6	apr,bsr,bsu,ecj,eco,gau
ko01054	Nonribosomal peptide structures - Bacillus subtilis subsp. subtilis 168	8	aba,ade,bsr,bsu,cpo,fsu,rmr,tro
ko01055	Biosynthesis of vancomycin group antibiotics - Thermodesulfovibrio yellowstonii	3	gau,tnr,tye
ko01200	Carbon metabolism - Fannyhessea vaginae	63	aae,aba,ade,afr,apr,apv,bba,bbu,bbz,bsr,bsu,bth,cac,cae,ccz,cex,cpo,ctd,cte,ctr,ddf,det,din,dra,dth,ecj,eco,emi,fma,fml,fnu,fsu,fvg,gau,gsk,gsu,heo,hin,hit,hpy,ial,mbf,mmy,nli,nme,nmp,ote,rba,rmr,rpo,rpr,sox,syn,syz,tai,tma,tnr,tro,ttk,tye,vab,vai,vbl
ko01210	2-Oxocarboxylic acid metabolism - Fannyhessea vaginae	60	aae,aba,ade,afr,apr,apv,bba,bsr,bsu,bth,cac,cae,ccz,cex,cpo,ctd,cte,ctr,ddf,det,din,dra,dth,ecj,eco,emi,fma,fml,fnu,fsu,fvg,gau,gsk,gsu,heo,hin,hit,hpy,ial,mbf,mmy,nli,nme,nmp,ote,rba,rmr,rpo,rpr,syn,syz,tai,tma,tnr,tro,ttk,tye,vab,vai,vbl
ko01212	Fatty acid metabolism - Lancefieldella parvula	60	aae,aba,ade,afr,apr,apv,bba,bbu,bbz,bsr,bsu,bth,cac,cae,ccz,cex,cpo,ctd,cte,ctr,ddf,det,din,dra,dth,ecj,eco,emi,fma,fml,fnu,fsu,gau,gsk,gsu,heo,hin,hit,hpy,ial,mbf,nli,nme,nmp,ote,rba,rmr,rpo,rpr,syn,syz,tai,tma,tnr,tro,ttk,tye,vab,vai,vbl
ko01220	Degradation of aromatic compounds - Fannyhessea vaginae	45	aba,ade,afr,apv,bba,bsr,bsu,cac,cae,ccz,cex,cte,ddf,din,dra,dth,ecj,eco,emi,fml,fsu,fvg,gau,gsk,gsu,heo,hin,hpy,ial,mbf,nli,nme,nmp,ote,rba,rmr,syn,syz,tai,tnr,tro,tye,vab,vai,vbl
ko01230	Biosynthesis of amino acids - Fannyhessea vaginae	63	aae,aba,ade,afr,apr,apv,bba,bbu,bbz,bsr,bsu,bth,cac,cae,ccz,cex,cpo,ctd,cte,ctr,ddf,det,din,dra,dth,ecj,eco,emi,fma,fml,fnu,fsu,fvg,gau,gsk,gsu,heo,hin,hit,hpy,ial,mbf,mmy,nli,nme,nmp,ote,rba,rmr,rpo,rpr,sox,syn,syz,tai,tma,tnr,tro,ttk,tye,vab,vai,vbl
ko01232	Nucleotide metabolism - Fannyhessea vaginae	63	aae,aba,ade,afr,apr,apv,bba,bbu,bbz,bsr,bsu,bth,cac,cae,ccz,cex,cpo,ctd,cte,ctr,ddf,det,din,dra,dth,ecj,eco,emi,fma,fml,fnu,fsu,fvg,gau,gsk,gsu,heo,hin,hit,hpy,ial,mbf,mmy,nli,nme,nmp,ote,rba,rmr,rpo,rpr,sox,syn,syz,tai,tma,tnr,tro,ttk,tye,vab,vai,vbl
ko01240	Biosynthesis of cofactors - Fannyhessea vaginae	63	aae,aba,ade,afr,apr,apv,bba,bbu,bbz,bsr,bsu,bth,cac,cae,ccz,cex,cpo,ctd,cte,ctr,ddf,det,din,dra,dth,ecj,eco,emi,fma,fml,fnu,fsu,fvg,gau,gsk,gsu,heo,hin,hit,hpy,ial,mbf,mmy,nli,nme,nmp,ote,rba,rmr,rpo,rpr,sox,syn,syz,tai,tma,tnr,tro,ttk,tye,vab,vai,vbl
ko01250	Biosynthesis of nucleotide sugars - Fannyhessea vaginae	63	aae,aba,ade,afr,apr,apv,bba,bbu,bbz,bsr,bsu,bth,cac,cae,ccz,cex,cpo,ctd,cte,ctr,ddf,det,din,dra,dth,ecj,eco,emi,fma,fml,fnu,fsu,fvg,gau,gsk,gsu,heo,hin,hit,hpy,ial,mbf,mmy,nli,nme,nmp,ote,rba,rmr,rpo,rpr,sox,syn,syz,tai,tma,tnr,tro,ttk,tye,vab,vai,vbl
ko01310	Nitrogen cycle - Haemophilus influenzae Rd KW20 (serotype d)	28	ade,bba,bsr,bsu,cac,cae,ccz,ddf,din,ecj,eco,gau,gsk,gsu,hin,hit,ial,nli,nme,nmp,ote,rba,rmr,syn,syz,tnr,ttk,tye
ko01320	Sulfur cycle - Bacillus subtilis subsp. subtilis 168	36	aae,aba,ade,afr,bba,bsr,bsu,bth,cac,cae,ccz,cpo,cte,din,dra,ecj,eco,fml,fnu,fsu,gau,gsk,gsu,nli,nme,nmp,ote,rba,rmr,syn,syz,tnr,ttk,tye,vab,vbl
ko01501	beta-Lactam resistance - Fannyhessea vaginae	60	aae,aba,ade,afr,apr,apv,bba,bbu,bbz,bsr,bsu,bth,cac,cae,ccz,cex,cpo,ctd,cte,ctr,ddf,din,dra,dth,ecj,eco,emi,fma,fml,fnu,fsu,fvg,gau,gsk,gsu,heo,hin,hit,hpy,ial,mbf,nli,nme,nmp,ote,rba,rmr,rpo,rpr,syn,syz,tai,tma,tnr,tro,ttk,tye,vab,vai,vbl
ko01502	Vancomycin resistance - Fannyhessea vaginae	62	aae,aba,ade,afr,apr,apv,bba,bbu,bbz,bsr,bsu,bth,cac,cae,ccz,cex,cpo,ctd,cte,ctr,ddf,det,din,dra,dth,ecj,eco,emi,fma,fml,fnu,fsu,fvg,gau,gsk,gsu,heo,hin,hit,hpy,ial,mbf,nli,nme,nmp,ote,rba,rmr,rpo,rpr,sox,syn,syz,tai,tma,tnr,tro,ttk,tye,vab,vai,vbl
ko01503	Cationic antimicrobial peptide (CAMP) resistance - Haemophilus influenzae Rd KW20 (serotype d)	58	aae,aba,ade,afr,apr,bba,bbu,bbz,bsr,bsu,bth,cac,cae,ccz,cex,cpo,ctd,cte,ctr,ddf,din,dra,dth,ecj,eco,emi,fma,fml,fnu,fsu,gau,gsk,gsu,heo,hin,hit,hpy,ial,mbf,nli,nme,nmp,ote,rba,rmr,rpo,rpr,syn,syz,tai,tma,tnr,tro,ttk,tye,vab,vai,vbl
ko02010	ABC transporters - Fannyhessea vaginae	63	aae,aba,ade,afr,apr,apv,bba,bbu,bbz,bsr,bsu,bth,cac,cae,ccz,cex,cpo,ctd,cte,ctr,ddf,det,din,dra,dth,ecj,eco,emi,fma,fml,fnu,fsu,fvg,gau,gsk,gsu,heo,hin,hit,hpy,ial,mbf,mmy,nli,nme,nmp,ote,rba,rmr,rpo,rpr,sox,syn,syz,tai,tma,tnr,tro,ttk,tye,vab,vai,vbl
ko02020	Two-component system - Fannyhessea vaginae	63	aae,aba,ade,afr,apr,apv,bba,bbu,bbz,bsr,bsu,bth,cac,cae,ccz,cex,cpo,ctd,cte,ctr,ddf,det,din,dra,dth,ecj,eco,emi,fma,fml,fnu,fsu,fvg,gau,gsk,gsu,heo,hin,hit,hpy,ial,mbf,mmy,nli,nme,nmp,ote,rba,rmr,rpo,rpr,sox,syn,syz,tai,tma,tnr,tro,ttk,tye,vab,vai,vbl
ko02024	Quorum sensing - Fannyhessea vaginae	63	aae,aba,ade,afr,apr,apv,bba,bbu,bbz,bsr,bsu,bth,cac,cae,ccz,cex,cpo,ctd,cte,ctr,ddf,det,din,dra,dth,ecj,eco,emi,fma,fml,fnu,fsu,fvg,gau,gsk,gsu,heo,hin,hit,hpy,ial,mbf,mmy,nli,nme,nmp,ote,rba,rmr,rpo,rpr,sox,syn,syz,tai,tma,tnr,tro,ttk,tye,vab,vai,vbl
ko02026	Biofilm formation - Escherichia coli - Escherichia coli K-12 MG1655	2	ecj,eco
ko02030	Bacterial chemotaxis - Haemophilus influenzae Rd KW20 (serotype d)	37	aae,aba,ade,bba,bbu,bbz,bsr,bsu,cac,cae,ccz,cpo,ddf,din,dth,ecj,eco,fml,gau,gsk,gsu,heo,hin,hit,hpy,ial,nli,ote,rba,rmr,tai,tma,tnr,tro,ttk,tye,vab
ko02040	Flagellar assembly - Haemophilus influenzae Rd KW20 (serotype d)	47	aae,aba,ade,afr,bba,bbu,bbz,bsr,bsu,bth,cac,cae,ccz,cex,cpo,ctd,ctr,ddf,din,ecj,eco,fml,fsu,gau,gsk,gsu,heo,hin,hit,hpy,ial,mbf,nli,nme,nmp,ote,rba,rmr,tai,tma,tnr,tro,ttk,tye,vab,vai,vbl
ko02060	Phosphotransferase system (PTS) - Fannyhessea vaginae	44	ade,afr,apr,apv,bbu,bbz,bsr,bsu,cac,cae,cex,cpo,ctd,cte,ctr,ddf,din,dra,dth,ecj,eco,emi,fma,fml,fnu,fsu,fvg,gau,gsk,gsu,hin,hit,ial,mmy,nli,nme,nmp,ote,rba,rmr,tai,ttk,vai,vbl
ko03008	Ribosome biogenesis in eukaryotes - Haemophilus influenzae Rd KW20 (serotype d)	14	ade,afr,bba,ecj,eco,fsu,hin,hit,nli,nme,nmp,rba,sox,vbl
ko03010	Ribosome - Fannyhessea vaginae	63	aae,aba,ade,afr,apr,apv,bba,bbu,bbz,bsr,bsu,bth,cac,cae,ccz,cex,cpo,ctd,cte,ctr,ddf,det,din,dra,dth,ecj,eco,emi,fma,fml,fnu,fsu,fvg,gau,gsk,gsu,heo,hin,hit,hpy,ial,mbf,mmy,nli,nme,nmp,ote,rba,rmr,rpo,rpr,sox,syn,syz,tai,tma,tnr,tro,ttk,tye,vab,vai,vbl
ko03018	RNA degradation - Fannyhessea vaginae	63	aae,aba,ade,afr,apr,apv,bba,bbu,bbz,bsr,bsu,bth,cac,cae,ccz,cex,cpo,ctd,cte,ctr,ddf,det,din,dra,dth,ecj,eco,emi,fma,fml,fnu,fsu,fvg,gau,gsk,gsu,heo,hin,hit,hpy,ial,mbf,mmy,nli,nme,nmp,ote,rba,rmr,rpo,rpr,sox,syn,syz,tai,tma,tnr,tro,ttk,tye,vab,vai,vbl
ko03020	RNA polymerase - Fannyhessea vaginae	63	aae,aba,ade,afr,apr,apv,bba,bbu,bbz,bsr,bsu,bth,cac,cae,ccz,cex,cpo,ctd,cte,ctr,ddf,det,din,dra,dth,ecj,eco,emi,fma,fml,fnu,fsu,fvg,gau,gsk,gsu,heo,hin,hit,hpy,ial,mbf,mmy,nli,nme,nmp,ote,rba,rmr,rpo,rpr,sox,syn,syz,tai,tma,tnr,tro,ttk,tye,vab,vai,vbl
ko03030	DNA replication - Fannyhessea vaginae	63	aae,aba,ade,afr,apr,apv,bba,bbu,bbz,bsr,bsu,bth,cac,cae,ccz,cex,cpo,ctd,cte,ctr,ddf,det,din,dra,dth,ecj,eco,emi,fma,fml,fnu,fsu,fvg,gau,gsk,gsu,heo,hin,hit,hpy,ial,mbf,mmy,nli,nme,nmp,ote,rba,rmr,rpo,rpr,sox,syn,syz,tai,tma,tnr,tro,ttk,tye,vab,vai,vbl
ko03060	Protein export - Fannyhessea vaginae	63	aae,aba,ade,afr,apr,apv,bba,bbu,bbz,bsr,bsu,bth,cac,cae,ccz,cex,cpo,ctd,cte,ctr,ddf,det,din,dra,dth,ecj,eco,emi,fma,fml,fnu,fsu,fvg,gau,gsk,gsu,heo,hin,hit,hpy,ial,mbf,mmy,nli,nme,nmp,ote,rba,rmr,rpo,rpr,sox,syn,syz,tai,tma,tnr,tro,ttk,tye,vab,vai,vbl
ko03070	Bacterial secretion system - Fannyhessea vaginae	63	aae,aba,ade,afr,apr,apv,bba,bbu,bbz,bsr,bsu,bth,cac,cae,ccz,cex,cpo,ctd,cte,ctr,ddf,det,din,dra,dth,ecj,eco,emi,fma,fml,fnu,fsu,fvg,gau,gsk,gsu,heo,hin,hit,hpy,ial,mbf,mmy,nli,nme,nmp,ote,rba,rmr,rpo,rpr,sox,syn,syz,tai,tma,tnr,tro,ttk,tye,vab,vai,vbl
ko03250	Viral life cycle - HIV-1 - Neisseria meningitidis MC58 (serogroup B)	14	aba,ade,bba,cte,ecj,eco,gau,gsk,gsu,heo,hpy,nme,nmp,vab
ko03258	Virion - Bacteriophage lambda - Escherichia coli K-12 MG1655	2	ecj,eco
ko03410	Base excision repair - Fannyhessea vaginae	63	aae,aba,ade,afr,apr,apv,bba,bbu,bbz,bsr,bsu,bth,cac,cae,ccz,cex,cpo,ctd,cte,ctr,ddf,det,din,dra,dth,ecj,eco,emi,fma,fml,fnu,fsu,fvg,gau,gsk,gsu,heo,hin,hit,hpy,ial,mbf,mmy,nli,nme,nmp,ote,rba,rmr,rpo,rpr,sox,syn,syz,tai,tma,tnr,tro,ttk,tye,vab,vai,vbl
ko03420	Nucleotide excision repair - Fannyhessea vaginae	63	aae,aba,ade,afr,apr,apv,bba,bbu,bbz,bsr,bsu,bth,cac,cae,ccz,cex,cpo,ctd,cte,ctr,ddf,det,din,dra,dth,ecj,eco,emi,fma,fml,fnu,fsu,fvg,gau,gsk,gsu,heo,hin,hit,hpy,ial,mbf,mmy,nli,nme,nmp,ote,rba,rmr,rpo,rpr,sox,syn,syz,tai,tma,tnr,tro,ttk,tye,vab,vai,vbl
ko03430	Mismatch repair - Fannyhessea vaginae	63	aae,aba,ade,afr,apr,apv,bba,bbu,bbz,bsr,bsu,bth,cac,cae,ccz,cex,cpo,ctd,cte,ctr,ddf,det,din,dra,dth,ecj,eco,emi,fma,fml,fnu,fsu,fvg,gau,gsk,gsu,heo,hin,hit,hpy,ial,mbf,mmy,nli,nme,nmp,ote,rba,rmr,rpo,rpr,sox,syn,syz,tai,tma,tnr,tro,ttk,tye,vab,vai,vbl
ko03440	Homologous recombination - Fannyhessea vaginae	63	aae,aba,ade,afr,apr,apv,bba,bbu,bbz,bsr,bsu,bth,cac,cae,ccz,cex,cpo,ctd,cte,ctr,ddf,det,din,dra,dth,ecj,eco,emi,fma,fml,fnu,fsu,fvg,gau,gsk,gsu,heo,hin,hit,hpy,ial,mbf,mmy,nli,nme,nmp,ote,rba,rmr,rpo,rpr,sox,syn,syz,tai,tma,tnr,tro,ttk,tye,vab,vai,vbl
ko03450	Non-homologous end-joining - Bacillus subtilis subsp. subtilis 168	7	aba,ade,bba,bsr,bsu,ote,vab
